Name,ID,Requester
dog_image7.jpg,194,Subscriber2
cat_image24.jpg,143,Subscriber8
dog_image35.jpg,177,Subscriber2
dog_image31.jpg,163,Subscriber5
dog_image17.jpg,186,Subscriber3
cat_image30.jpg,144,Subscriber1
cat_image35.jpg,139,Subscriber1
cat_image27.jpg,149,Subscriber9
cat_image40.jpg,121,Subscriber7
dog_image28.jpg,189,Subscriber7
cat_image33.jpg,148,Subscriber2
dog_image13.jpg,183,Subscriber1
dog_image29.jpg,188,Subscriber5
dog_image2.jpg,198,Subscriber7
dog_image42.jpg,159,Subscriber5
dog_image1.jpg,199,Subscriber10
cat_image22.jpg,135,Subscriber6
dog_image8.jpg,160,Subscriber2
cat_image9.jpg,133,Subscriber2
cat_image6.jpg,112,Subscriber9
dog_image12.jpg,184,Subscriber9
dog_image49.jpg,196,Subscriber2
cat_image2.jpg,105,Subscriber3
dog_image21.jpg,178,Subscriber3
dog_image32.jpg,167,Subscriber8
cat_image15.jpg,103,Subscriber11
dog_image41.jpg,156,Subscriber8
cat_image7.jpg,111,Subscriber12
cat_image39.jpg,114,Subscriber11
cat_image36.jpg,134,Subscriber7
dog_image19.jpg,161,Subscriber8
cat_image10.jpg,110,Subscriber6
dog_image27.jpg,169,Subscriber6
cat_image25.jpg,142,Subscriber11
dog_image18.jpg,166,Subscriber11
dog_image40.jpg,155,Subscriber9
dog_image4.jpg,192,Subscriber1
cat_image20.jpg,137,Subscriber4
cat_image50.jpg,128,Subscriber1
cat_image4.jpg,116,Subscriber2
cat_image31.jpg,141,Subscriber4
cat_image1.jpg,101,Subscriber9
cat_image17.jpg,102,Subscriber7
dog_image30.jpg,164,Subscriber7
cat_image3.jpg,106,Subscriber5
cat_image28.jpg,107,Subscriber11
dog_image24.jpg,165,Subscriber9
dog_image15.jpg,187,Subscriber2
dog_image45.jpg,152,Subscriber3
dog_image36.jpg,174,Subscriber7
