Content,ID
cat_image30.jpg,
cat_image31.jpg,
dog_image10.jpg,
cat_image28.jpg,
cat_image6.jpg,
cat_image44.jpg,
cat_image49.jpg,
dog_image41.jpg,
cat_image7.jpg,
cat_image33.jpg,
cat_image42.jpg,
dog_image6.jpg,
cat_image17.jpg,
dog_image11.jpg,
dog_image30.jpg,
cat_image23.jpg,
dog_image7.jpg,
cat_image8.jpg,
dog_image48.jpg,
dog_image36.jpg,
dog_image47.jpg,
cat_image10.jpg,
dog_image46.jpg,
dog_image3.jpg,
cat_image35.jpg,
dog_image50.jpg,
dog_image25.jpg,
dog_image39.jpg,
cat_image5.jpg,
cat_image3.jpg,
cat_image21.jpg,
cat_image22.jpg,
cat_image32.jpg,
dog_image14.jpg,
cat_image25.jpg,
cat_image11.jpg,
dog_image43.jpg,
dog_image45.jpg,
dog_image37.jpg,
dog_image17.jpg,
dog_image15.jpg,
dog_image27.jpg,
cat_image1.jpg,
cat_image2.jpg,
dog_image32.jpg,
cat_image26.jpg,
cat_image18.jpg,
dog_image29.jpg,
dog_image42.jpg,
cat_image13.jpg,
cat_image20.jpg,
dog_image12.jpg,
cat_image16.jpg,
dog_image38.jpg,
cat_image46.jpg,
cat_image40.jpg,
dog_image2.jpg,
cat_image34.jpg,
dog_image13.jpg,
dog_image31.jpg,
cat_image39.jpg,
